customer_id,frequency_cal,recency_cal,T_cal,monetary_value_cal,frequency_holdout,monetary_value_holdout,duration_holdout,Predicted_Purchases,Predicted_Monetary,Predicted_CLV
CUST000058,473.0,838.0,839.0,257.63380549682876,106.0,479.595625,174.0,94.05780248315102,257.72500003446106,24241.04714821143
CUST002744,355.0,735.0,739.0,300.4903661971831,81.0,959.2553846153846,174.0,79.70109857775138,300.63041614020244,23960.574432260695
CUST002370,295.0,863.0,864.0,263.7819661016949,64.0,961.68,174.0,57.140173159608494,263.9314143328202,15081.086717237722
CUST003831,297.0,750.0,751.0,219.05289562289562,72.0,809.525,174.0,65.76018309054933,219.1782189270173,14413.199806101162
CUST003565,245.0,780.0,780.0,273.17910204081636,47.0,1327.84,174.0,52.38100596617851,273.3649573817637,14319.1314635583
CUST007944,148.0,626.0,627.0,361.5933108108108,37.0,359.21666666666664,174.0,39.062977526303165,361.99285263574654,14140.51866719254
CUST006740,214.0,596.0,599.0,227.14154205607477,75.0,934.2508333333334,174.0,58.77330845872541,227.32131011963492,13360.42547890288
CUST008014,299.0,861.0,861.0,222.94792642140465,48.0,806.3183333333333,174.0,58.1081791629823,223.07441066890368,12962.447821825346
CUST008575,326.0,848.0,851.0,175.28671779141104,58.0,692.8488888888888,174.0,64.02314256209239,175.38028028718566,11228.396687406208
CUST003429,98.0,627.0,634.0,408.009693877551,29.0,162.6125,174.0,25.6991184871836,408.68618428664337,10502.8746740574
CUST005632,138.0,855.0,869.0,386.2105797101449,32.0,1269.1100000000001,174.0,26.655491199670294,386.6665051919108,10306.785626350247
CUST000729,150.0,563.0,563.0,229.5686,44.0,241.62399999999997,174.0,43.80347425546743,229.82763263475564,10067.248789311545
CUST004838,165.0,860.0,863.0,307.1575757575758,27.0,2567.0,174.0,32.110940787424205,307.4652506441913,9872.998457626169
CUST004846,238.0,631.0,631.0,156.76697478991596,55.0,1413.1325,174.0,62.22314052678414,156.88320790691486,9761.765891884657
CUST007473,250.0,792.0,792.0,181.37812,46.0,257.808,174.0,52.67147870541963,181.5038835212535,9560.077935840669
CUST007263,144.0,766.0,768.0,300.928125,39.0,866.0840000000001,174.0,31.366938941994192,301.27407279196996,9450.045446071636
CUST001884,199.0,827.0,827.0,233.7849246231156,36.0,113.57,174.0,40.28894208733685,233.98337932566352,9426.942819051028
CUST006462,177.0,916.0,917.0,278.01350282485873,29.0,256.6766666666667,174.0,32.485857071013456,278.2750162632469,9040.002404761784
CUST007585,211.0,784.0,786.0,199.0358767772512,32.0,1511.5674999999999,174.0,44.8179710287997,199.19775138091236,8927.639050391776
CUST007313,105.0,573.0,586.0,299.10009523809526,38.0,961.7599999999999,174.0,29.534146988288434,299.5720509650296,8847.604986784218
