customer_id,Total_Revenue,Transactions,Last_Purchase,APV,Days_Since_Last_Purchase,Churned,CLV
CUST007097,3955.64,1,2023-09-26,3955.64,879,True,433613.7990272757
CUST007706,3826.16,1,2023-06-16,3826.16,981,True,419420.31461058167
CUST006351,18894.21,8,2024-02-12,2361.77625,740,True,258895.84800813338
CUST007703,6391.6,3,2024-05-26,2130.5333333333333,636,True,233547.20162120715
CUST000938,1929.66,1,2023-05-11,1929.66,1017,True,211527.64241209335
CUST001012,3781.24,2,2024-07-24,1890.62,577,True,207248.11173841605
CUST000094,1763.4,1,2023-09-01,1763.4,904,True,193302.36654617154
CUST008049,4753.93,3,2024-12-09,1584.6433333333334,439,True,173707.21700405303
CUST007528,3055.06,2,2024-05-08,1527.53,654,True,167446.5033289517
CUST009422,3035.57,2,2025-05-19,1517.785,278,True,166378.2649474203
CUST000715,2808.24,2,2023-07-05,1404.12,962,True,153918.40700624383
CUST007741,19353.739999999998,14,2026-01-05,1382.4099999999999,47,False,151538.575783766
CUST007869,1366.78,1,2025-12-10,1366.78,73,False,149825.22884653302
CUST008062,2685.82,2,2024-07-11,1342.91,590,True,147208.62031219192
CUST005753,10576.14,8,2024-11-09,1322.0175,469,True,144918.4027251068
CUST002972,5285.05,4,2024-07-13,1321.2625,588,True,144835.6402850805
CUST001765,11881.289999999999,9,2025-10-22,1320.1433333333332,122,True,144712.9582133859
CUST001080,10351.05,8,2026-02-15,1293.88125,6,False,141834.1315950542
CUST003140,5096.9,4,2025-11-04,1274.225,109,True,139679.43065231678
CUST005331,9709.69,8,2024-07-21,1213.71125,580,True,133045.96627464672
